"","ProductTitle","Price","Category","Ratings","Reviews","Description"
"1","1. Shuttle Art 116 PCS Drawing Kit, Professional Drawing Supplies with Sketch, Charcoal, Colored, Graphite, Pastel Pencils & Sticks, Complete Drawing Tools and Paper Pads in Zipper Case for Artists&Kids","$25.49","Arts and Crafts",4.8,"5,052","Check each product page for other buying options. Price and other details may vary based on product size and color."
"2","2. Caliart Art Supplies, 153-Pack Deluxe Wooden Art Set Crafts Drawing Painting Coloring Supplies Kit with 2 A4 Sketch Pads, Halloween Creative Gift Box for Adults Artist Beginners Kids Girls Boys","$32.99","Arts and Crafts",4.6,"1,026","Shuttle Art 116 PCS Drawing Kit, Professional Drawing Supplies with Sketch, Charcoal, Colored, Graphite, Pastel Pencils & Sticks, Complete Drawing Tools and Paper Pads in Zipper Case for Artists&Kids"
"3","3. Castle Art Supplies 120 Colored Pencils Zipper-Case Set | Quality Soft Core Colored Leads for Adult Artists, Professionals and Colorists | In Neat, Strong Carry-Anywhere Zipper Case","$29.74","Arts and Crafts",4.8,"12,762","Caliart Art Supplies, 153-Pack Deluxe Wooden Art Set Crafts Drawing Painting Coloring Supplies Kit with 2 A4 Sketch Pads, Halloween Creative Gift Box for Adults Artist Beginners Kids Girls Boys"
"4","4. POSCA 8-Color Paint Marker Set, PC-5M Medium","$0.19","Arts and Crafts",4.8,"14,902","Castle Art Supplies 120 Colored Pencils Zipper-Case Set | Quality Soft Core Colored Leads for Adult Artists, Professionals and Colorists | In Neat, Strong Carry-Anywhere Zipper Case"
"5","5. 9 x 12 inches Sketch Book, Top Spiral Bound Sketch Pad, 1 Pack 100-Sheets (68lb/100gsm), Acid Free Art Sketchbook Artistic Drawing Painting Writing Paper for Kids Adults Beginners Artists","$35.99","Arts and Crafts",4.8,"12,087","POSCA 8-Color Paint Marker Set, PC-5M Medium"
"6","6. Sharpie Creative Paint-like Brush Tip Acrylic Markers, Assorted Colors, Stocking Stuffers, 12 Count, Perfect for Art and Craft Supplies","$44.79","Arts and Crafts",4.8,"2,834","9 x 12 inches Sketch Book, Top Spiral Bound Sketch Pad, 1 Pack 100-Sheets (68lb/100gsm), Acid Free Art Sketchbook Artistic Drawing Painting Writing Paper for Kids Adults Beginners Artists"
"7","7. Crayola Clicks Retractable Tip Markers (10ct), Washable Art Marker Set, Coloring Markers for Kids, Stocking Stuffer for Kids, 3+","$0.37","Arts and Crafts",4.7,"2,565","Sharpie Creative Paint-like Brush Tip Acrylic Markers, Assorted Colors, Stocking Stuffers, 12 Count, Perfect for Art and Craft Supplies"
"8","8. Melissa & Doug Drawing Paper Pad (9 x 12 inches) - 50 Sheets, 3-Pack - FSC Certified","$69.99","Arts and Crafts",4.8,"18,575","Crayola Clicks Retractable Tip Markers (10ct), Washable Art Marker Set, Coloring Markers for Kids, Stocking Stuffer for Kids, 3+"
"9","9. Soucolor 72-Color Colored Pencils for Adult Coloring Books, Back to School Supplies, Soft Core Artist Sketching Drawing Pencils Drawing Supplies, Art Supplies Kit for Adults Kids, Coloring Pencils Set","$12.15","Arts and Crafts",4.7,"19,628","Melissa & Doug Drawing Paper Pad (9 x 12 inches) - 50 Sheets, 3-Pack - FSC Certified"
"10","10. KALOUR 72 Count Colored Pencils for Adult Coloring Books, Soft Core,Ideal for Drawing Blending Shading,Color Pencils Set Gift for Adults Kids Beginners","$1.52","Arts and Crafts",4.7,"4,377","Soucolor 72-Color Colored Pencils for Adult Coloring Books, Back to School Supplies, Soft Core Artist Sketching Drawing Pencils Drawing Supplies, Art Supplies Kit for Adults Kids, Coloring Pencils Set"
"11","11. Soucolor 9"" x 12"" Sketch Book, 1-Pack 100 Sheets Spiral Bound Art Sketchbook, (68lb/100gsm) Acid Free Artist Drawing Book Paper Painting Sketching Pad for Kids Students Adults Beginners","$24.99","Arts and Crafts",4.8,"3,961","KALOUR 72 Count Colored Pencils for Adult Coloring Books, Soft Core,Ideal for Drawing Blending Shading,Color Pencils Set Gift for Adults Kids Beginners"
"12","12. Colored Pencils for Adult Coloring Books, 72 Colored Professional Drawing Pencils, Coloring Pencils for Adults Beginners Teen & Pro.","$8.98","Arts and Crafts",4.7,"2,275","Soucolor 9"" x 12"" Sketch Book, 1-Pack 100 Sheets Spiral Bound Art Sketchbook, (68lb/100gsm) Acid Free Artist Drawing Book Paper Painting Sketching Pad for Kids Students Adults Beginners"
"13","13. 146Pcs Drawing and Sketching Colored Pencils Set, Art Supplies Include Sketch Charcoal Colored Metallic Watercolor Graphite Mark Pencils, Professional Drawing kit and Sketchbook for Artists Adult","$0.09","Arts and Crafts",4.7,"667","Colored Pencils for Adult Coloring Books, 72 Colored Professional Drawing Pencils, Coloring Pencils for Adults Beginners Teen & Pro."
"14","14. iBayam 78-Pack Drawing Set Sketching Kit, Pro Art Supplies with 75 Sheets 3-Color Sketch Book, 32 Coloring Book, Charcoal, Metallic, Watercolor, Graphite Pencils for Adults Kids Teens Girls Boys Gifts","$17.99","Arts and Crafts",4.7,"1,461","146Pcs Drawing and Sketching Colored Pencils Set, Art Supplies Include Sketch Charcoal Colored Metallic Watercolor Graphite Mark Pencils, Professional Drawing kit and Sketchbook for Artists Adult"
"15","15. Castle Art Supplies 120 Colored Pencils Set | Quality Soft Core Coloring Pencils for Adults, Professionals and Colorists | Protected and Organized in Presentation Tin Box","$14.54","Arts and Crafts",4.8,"19,483","iBayam 78-Pack Drawing Set Sketching Kit, Pro Art Supplies with 75 Sheets 3-Color Sketch Book, 32 Coloring Book, Charcoal, Metallic, Watercolor, Graphite Pencils for Adults Kids Teens Girls Boys Gifts"
"16","16. Soucolor Art Brush Markers Pens for Adult Coloring Books, 34 Colors Numbered Dual Tip (Brush and Fine Point) Marker Pen for Kids Note taking Planner Lettering Calligraphy Drawing Preppy School Stuff","$1.21","Arts and Crafts",4.6,"12,693","Castle Art Supplies 120 Colored Pencils Set | Quality Soft Core Coloring Pencils for Adults, Professionals and Colorists | Protected and Organized in Presentation Tin Box"
"17","17. Shimmer Markers Outline Glitter Gel Pens: 12 Christmas Stocking Stuffers Teenage Tween Teen Girl Gifts Trendy Stuff Cute Arts Crafts Art Supplies Kids Ages 4 5 6 8 9 10 14 16 18 Year Old Outliner 2024","$33.48","Arts and Crafts",4.5,"1,008","Soucolor Art Brush Markers Pens for Adult Coloring Books, 34 Colors Numbered Dual Tip (Brush and Fine Point) Marker Pen for Kids Note taking Planner Lettering Calligraphy Drawing Preppy School Stuff"
"18","18. Betem 24 Colors Dual Tip Acrylic Paint Pens Markers, Premium Acrylic Paint Pens for Wood, Canvas, Stone, Rock Painting, Glass, Ceramic Surfaces, DIY Crafts Making Art Supplies","$8.69","Arts and Crafts",4.6,"10,015","Shimmer Markers Outline Glitter Gel Pens: 12 Christmas Stocking Stuffers Teenage Tween Teen Girl Gifts Trendy Stuff Cute Arts Crafts Art Supplies Kids Ages 4 5 6 8 9 10 14 16 18 Year Old Outliner 2024"
"19","19. Grabie 100 Colors Watercolor Paint Set - 50 Regular, 35 Metallic, 10 Macaron and 5 Fluorescent Colors - Portable with Carrying Case, Water Brush Pens, and Accessories - For Beginners and Professionals","$12.99","Arts and Crafts",4.8,"1,892","Betem 24 Colors Dual Tip Acrylic Paint Pens Markers, Premium Acrylic Paint Pens for Wood, Canvas, Stone, Rock Painting, Glass, Ceramic Surfaces, DIY Crafts Making Art Supplies"
"20","20. Compact Desktop Electric Pencil Sharpener, Black, Sold as 1 Each","$10.90","Arts and Crafts",4.6,"21,295","Grabie 100 Colors Watercolor Paint Set - 50 Regular, 35 Metallic, 10 Macaron and 5 Fluorescent Colors - Portable with Carrying Case, Water Brush Pens, and Accessories - For Beginners and Professionals"
"21","21. SAKURA Pigma Micron Fineliner Pens - Archival Black Ink Pens - Pens for Writing or Drawing - Holiday Gifts for Artists, Crafters & DIY Gifts Projects - Assorted Point Sizes - 6 Count","$0.07","Arts and Crafts",4.8,"60,415","Compact Desktop Electric Pencil Sharpener, Black, Sold as 1 Each"
"22","22. iBayam Journal Planner Pens Colored Pens Fine Point Markers Fine Tip Drawing Pens Fineliner Pen for Bullet Journaling Writing Note Taking Calendar Coloring Art Office School Supplies, 18-Pack","$14.99","Arts and Crafts",4.6,"117,198","SAKURA Pigma Micron Fineliner Pens - Archival Black Ink Pens - Pens for Writing or Drawing - Holiday Gifts for Artists, Crafters & DIY Gifts Projects - Assorted Point Sizes - 6 Count"
"23","23. Crehatos 9"" x 12"" Sketch Book, Top Spiral Bound Sketch Pad, 100 Sheets 68lb/100gsm Drawing Paper, 1 Pack","$8.99","Arts and Crafts",4.8,"83","iBayam Journal Planner Pens Colored Pens Fine Point Markers Fine Tip Drawing Pens Fineliner Pen for Bullet Journaling Writing Note Taking Calendar Coloring Art Office School Supplies, 18-Pack"
"24","24. nsxsu Stocking Stuffers for Kids, 8 Pieces Art Supplies Colored Pencils, Jumbo Colored Pencil for Adults, Rainbow Pencils Multicolored Pencils for Drawing, Coloring, Christmas Gifts, Party Favor Bags","$0.12","Arts and Crafts",4.6,"5,736","Crehatos 9"" x 12"" Sketch Book, Top Spiral Bound Sketch Pad, 100 Sheets 68lb/100gsm Drawing Paper, 1 Pack"
"25","25. iBayam Art Supplies, 150-Pack Deluxe Wooden Art Set Crafts Drawing Painting Kit with 1 Coloring Book, 2 Sketch Pads, Creative Gift Box for Adults Artist Beginners Kids Girls Boys","$19.99","Arts and Crafts",4.6,"6,914","nsxsu Stocking Stuffers for Kids, 8 Pieces Art Supplies Colored Pencils, Jumbo Colored Pencil for Adults, Rainbow Pencils Multicolored Pencils for Drawing, Coloring, Christmas Gifts, Party Favor Bags"
"26","26. TBC The Best Crafts Paint Sticks,12 Classic Colors, Washable Paint, Non-toxic, Tempera Paint Sticks for Kids and Students","$9.99","Arts and Crafts",4.8,"5,613","iBayam Art Supplies, 150-Pack Deluxe Wooden Art Set Crafts Drawing Painting Kit with 1 Coloring Book, 2 Sketch Pads, Creative Gift Box for Adults Artist Beginners Kids Girls Boys"
"27","27. Chalk Markers - 8 Vibrant, Erasable, Non-Toxic, Water-Based, Reversible Tips, For Kids & Adults for Glass or Chalkboard Markers for Businesses, Restaurants, Liquid Chalk Markers (Vibrant 6mm)","$0.14","Arts and Crafts",4.4,"23,648","TBC The Best Crafts Paint Sticks,12 Classic Colors, Washable Paint, Non-toxic, Tempera Paint Sticks for Kids and Students"
"28","28. Micro Fineliner Drawing Art Pens: 12 Black Fine Line Waterproof Ink Set Artist Supplies Archival Inking Markers Liner Professional Sketch Outline Anime Manga Sketching Watercolor Zentangle Gift Stuff","$19.99","Arts and Crafts",4.5,"3,472","Chalk Markers - 8 Vibrant, Erasable, Non-Toxic, Water-Based, Reversible Tips, For Kids & Adults for Glass or Chalkboard Markers for Businesses, Restaurants, Liquid Chalk Markers (Vibrant 6mm)"
"29","29. Caliart 34 Double Tip Brush Pens Art Markers, Aesthetic Cute Preppy Stuff School Supplies, Artist Fine & Brush Pen Coloring Markers for Kids Adult Book Cards Drawing Craft Kit Teacher Office Supplies","$8.91","Arts and Crafts",4.5,"10,333","Micro Fineliner Drawing Art Pens: 12 Black Fine Line Waterproof Ink Set Artist Supplies Archival Inking Markers Liner Professional Sketch Outline Anime Manga Sketching Watercolor Zentangle Gift Stuff"
"30","30. KEFF 24-Pack Bulk Canvas for Painting, 6 of 5x7, 8x10, 9x12, 11x14 Canvas Boards for Painting, Art Supplies for Adults & Kids - 100% Cotton Primed Painting Canvas for Acrylic, Oil, Watercolor, Tempera","$14.99","Arts and Crafts",4.8,"4,733","Caliart 34 Double Tip Brush Pens Art Markers, Aesthetic Cute Preppy Stuff School Supplies, Artist Fine & Brush Pen Coloring Markers for Kids Adult Book Cards Drawing Craft Kit Teacher Office Supplies"
"31","1. Toddler Boy Clothes Letter Print Plaid Shirts Top+Long Pants 2pcs Fall Winter Outfit Set","$19.99","Boys' Clothing",4.6,"225","Check each product page for other buying options. Price and other details may vary based on product size and color."
"32","2. MIGU Toddler Boys Clothes Winter Outfits Dinosaur Clothes For Boys Printed Long Sleeve Top+Pants 2Pcs Set","$23.99","Boys' Clothing",4.6,"636","Toddler Boy Clothes Letter Print Plaid Shirts Top+Long Pants 2pcs Fall Winter Outfit Set"
"33","3. Hind Boys 4-Piece Active Long Sleeve Quick Dry T-Shirt and Athletic Jogger Sweatpant Set Kids Clothes for Sports and Running","$37.99","Boys' Clothing",4.5,"769","MIGU Toddler Boys Clothes Winter Outfits Dinosaur Clothes For Boys Printed Long Sleeve Top+Pants 2Pcs Set"
"34","4. YuanLu Boys Suit for Kids Tuxedo Wedding Ring Bearer Outfit Boy Formal Suits 5 Piece Slim Fit Dresswear Suit Set","$52.44","Boys' Clothing",4.5,"6,366","Hind Boys 4-Piece Active Long Sleeve Quick Dry T-Shirt and Athletic Jogger Sweatpant Set Kids Clothes for Sports and Running"
"35","5. PURE CHAMP 3Pk Boys Sweatpants Fleece Athletic Workout Kids Clothes Boys Joggers with Zipper Pocket and Drawstring Size 4-20","$65.55","Boys' Clothing",4.2,"1,697","YuanLu Boys Suit for Kids Tuxedo Wedding Ring Bearer Outfit Boy Formal Suits 5 Piece Slim Fit Dresswear Suit Set"
"36","6. Nike Kids' Everyday Cushion Crew Socks (6 Pairs)","$32.56","Boys' Clothing",4.6,"2,502","PURE CHAMP 3Pk Boys Sweatpants Fleece Athletic Workout Kids Clothes Boys Joggers with Zipper Pocket and Drawstring Size 4-20"
"37","7. Hanes Boys' and Toddler Underwear, Comfort Flex and Comfortsoft Boxer Briefs, Multiple Packs Available pack of 10","$38.83","Boys' Clothing",4.7,"57,272","Nike Kids' Everyday Cushion Crew Socks (6 Pairs)"
"38","8. Nike Kids' Crew Socks","$28.62","Boys' Clothing",4.5,"501","Hanes Boys' and Toddler Underwear, Comfort Flex and Comfortsoft Boxer Briefs, Multiple Packs Available pack of 10"
"39","9. adidas Boys' Big Active Sports Athletic Tricot Jogger Pant","$4.77","Boys' Clothing",4.7,"19,604","Nike Kids' Crew Socks"
"40","10. Hanes Boys' Socks, Double Tough Cushioned Crew Socks, 12-pair Packs","$6.99","Boys' Clothing",4.7,"20,891","adidas Boys' Big Active Sports Athletic Tricot Jogger Pant"
"41","11. Hanes boys Potty Trainer Underwear 6-Pack","$15.00","Boys' Clothing",4.7,"2,558","Hanes Boys' Socks, Double Tough Cushioned Crew Socks, 12-pair Packs"
"42","12. The Children's Place Boys' Big Kid Medium Weight Puffer Jacket, Wind, Water-Resistant Seasonal","$26.75","Boys' Clothing",4.7,"1,089","Hanes boys Potty Trainer Underwear 6-Pack"
"43","13. Carhartt Boys' Long Sleeve Hooded Sweatshirt","$4.46","Boys' Clothing",4.8,"635","The Children's Place Boys' Big Kid Medium Weight Puffer Jacket, Wind, Water-Resistant Seasonal"
"44","14. Under Armour Boys' Brawler 2.0 Tapered Pants","$18.00","Boys' Clothing",4.6,"2,524","Carhartt Boys' Long Sleeve Hooded Sweatshirt"
"45","15. Legendary Whitetails Kids Camo Outfitter Hoodie","$36.00","Boys' Clothing",4.7,"3,540","Under Armour Boys' Brawler 2.0 Tapered Pants"
"46","16. Nike boys Sportswear Club Pullover Hoodie","$6.99","Boys' Clothing",4.4,"659","Legendary Whitetails Kids Camo Outfitter Hoodie"
"47","17. unenow Merino Wool Ski Socks Kids 2 Pairs, Winter Warm Snowboarding Thermal Socks for Boys Girls Toddlers","$0.58","Boys' Clothing",4.7,"169","Nike boys Sportswear Club Pullover Hoodie"
"48","18. True Religion Boys Sweatshirts and Sweatpants for Kids 2 Piece Clothing Set Fleece Hoodie and Jogger Pants","$10.00","Boys' Clothing",4.6,"3","unenow Merino Wool Ski Socks Kids 2 Pairs, Winter Warm Snowboarding Thermal Socks for Boys Girls Toddlers"
"49","19. 2Pcs Kids Boys Flannel Plaid Shirt Tops Pants Set Hoodie Sweatsuit for Fall Winter Spring Outfits 4-12 Years","$8.39","Boys' Clothing",4.7,"5","True Religion Boys Sweatshirts and Sweatpants for Kids 2 Piece Clothing Set Fleece Hoodie and Jogger Pants"
"50","20. Toddler Boy Clothes Color Block Sweater Jeans Toddler Boy Fall Winter Outifts Toddler Boy Clothing Set","$13.00","Boys' Clothing",4.7,"31","2Pcs Kids Boys Flannel Plaid Shirt Tops Pants Set Hoodie Sweatsuit for Fall Winter Spring Outfits 4-12 Years"
"51","21. Carhartt Boys' Canvas Insulated Hooded Active Jac","$16.97","Boys' Clothing",4.9,"225","Toddler Boy Clothes Color Block Sweater Jeans Toddler Boy Fall Winter Outifts Toddler Boy Clothing Set"
"52","22. Carhartt Boys' Long-Sleeve Half-Zip Hooded Sweatshirt","$19.99","Boys' Clothing",4.9,"1,265","Carhartt Boys' Canvas Insulated Hooded Active Jac"
"53","23. Nike Boys' NSW Club Pants","$34.99","Boys' Clothing",4.5,"368","Carhartt Boys' Long-Sleeve Half-Zip Hooded Sweatshirt"
"54","24. Mad Dog Concepts 3-Pack Boys Pajama Pants - Soft Micro Fleece PJ Bottoms for Kids, Printed Plaid Design - Boy's Sleepwear","$20.67","Boys' Clothing",4.7,"3,072","Nike Boys' NSW Club Pants"
"55","25. Under Armour Boys' Brawler 2.0 Pants","$30.00","Boys' Clothing",4.7,"2,264","Mad Dog Concepts 3-Pack Boys Pajama Pants - Soft Micro Fleece PJ Bottoms for Kids, Printed Plaid Design - Boy's Sleepwear"
"56","26. Minecraft Boys' 6-Piece Snug-fit Cotton Pajama Set, Soft & Cute for Kids","$29.99","Boys' Clothing",4.6,"1,108","Under Armour Boys' Brawler 2.0 Pants"
"57","27. Thermajohn Thermal Underwear for Kids, Boys Thermal Underwear Set | Kids Base Layers for Skiing | Long Johns for Boys Kids","$34.99","Boys' Clothing",4.6,"2,436","Minecraft Boys' 6-Piece Snug-fit Cotton Pajama Set, Soft & Cute for Kids"
"58","28. Hanes Boys' Socks, Double Tough Cushioned Ankle and No Show, 12-Pair Packs","$54.99","Boys' Clothing",4.7,"22,036","Thermajohn Thermal Underwear for Kids, Boys Thermal Underwear Set | Kids Base Layers for Skiing | Long Johns for Boys Kids"
"59","29. FORTNITE Fun: 6-Pack High Socks for Boys and Teens – Vibrant Gaming Designs, Comfortable Fit, Durable Materials","$19.99","Boys' Clothing",4.8,"58","Hanes Boys' Socks, Double Tough Cushioned Ankle and No Show, 12-Pair Packs"
"60","30. Simple Joys by Carter's Toddler Boys' Pull-On Denim Pant, Pack of 2","$10.00","Boys' Clothing",4.7,"7,605","FORTNITE Fun: 6-Pack High Socks for Boys and Teens – Vibrant Gaming Designs, Comfortable Fit, Durable Materials"
"61","1. Google Pixel Tablet - Android Tablet with 11-Inch Screen and Extra-Long Battery Life - Hazel - 8 GB RAM - 128 GB","$279.00","Computers and Tablets",4.5,"917","Google Pixel Tablet - Android Tablet with 11-Inch Screen and Extra-Long Battery Life - Hazel - 8 GB RAM - 128 GB"
"62","2. Samsung Galaxy Tab S9 FE+ Plus 12.4” 128GB Android Tablet, Long Battery Life, Powerful Processor, S Pen, 8MP Camera, Lightweight Durable Design, Expandable Storage, US Version, 2023, Lavender","$399.00","Computers and Tablets",4.6,"2,053","Samsung Galaxy Tab S9 FE+ Plus 12.4” 128GB Android Tablet, Long Battery Life, Powerful Processor, S Pen, 8MP Camera, Lightweight Durable Design, Expandable Storage, US Version, 2023, Lavender"
"63","3. Samsung Galaxy Tab A9+ Plus 11” 64GB Android Tablet, Big Screen, Quad Speakers, Upgraded Chipset, Multi Window Display, Slim, Light, Durable, Kids Friendly Design, US Version, 2024, Silver","$399.99","Computers and Tablets",4.5,"7,071","Samsung Galaxy Tab A9+ Plus 11” 64GB Android Tablet, Big Screen, Quad Speakers, Upgraded Chipset, Multi Window Display, Slim, Light, Durable, Kids Friendly Design, US Version, 2024, Silver"
"64","4. Samsung Galaxy Tab A9+ Tablet 11” 64GB Android Tablet, Big Screen, Quad Speakers, Upgraded Chipset, Multi Window Display, Slim, Light, Durable Design, US Version, 2024, Graphite","$599.99","Computers and Tablets",4.5,"7,071","Samsung Galaxy Tab A9+ Tablet 11” 64GB Android Tablet, Big Screen, Quad Speakers, Upgraded Chipset, Multi Window Display, Slim, Light, Durable Design, US Version, 2024, Graphite"
"65","5. ASUS ROG Strix G16 (2024) Gaming Laptop, 16” 16:10 FHD 165Hz Display, NVIDIA® GeForce RTX™ 4060, Intel Core i7-13650HX, 16GB DDR5, 1TB PCIe Gen4 SSD, Wi-Fi 6E, Windows 11, G614JV-AS74","$149.00","Computers and Tablets",4.3,"1,458","ASUS ROG Strix G16 (2024) Gaming Laptop, 16” 16:10 FHD 165Hz Display, NVIDIA® GeForce RTX™ 4060, Intel Core i7-13650HX, 16GB DDR5, 1TB PCIe Gen4 SSD, Wi-Fi 6E, Windows 11, G614JV-AS74"
"66","6. Acer Aspire Go 15 Slim Laptop | 15.6"" Full HD IPS 1080P Display | Intel Core i3-N305| Intel UHD Graphics | 8GB LPDDR5 | 128GB HD | Wi-Fi 6 | AI PC | Windows 11 Home in S Mode | AG15-31P-3947","$219.99","Computers and Tablets",4.2,"1,379","Acer Aspire Go 15 Slim Laptop | 15.6"" Full HD IPS 1080P Display | Intel Core i3-N305| Intel UHD Graphics | 8GB LPDDR5 | 128GB HD | Wi-Fi 6 | AI PC | Windows 11 Home in S Mode | AG15-31P-3947"
"67","7. ASUS Chromebook CX1, 14"" FHD, Intel® Celeron N4500 Processor, 64GB Storage, 4GB RAM, ChromeOS, Transparent Silver, CX1400CKA-AS44F","$149.00","Computers and Tablets",4.1,"477","ASUS Chromebook CX1, 14"" FHD, Intel® Celeron N4500 Processor, 64GB Storage, 4GB RAM, ChromeOS, Transparent Silver, CX1400CKA-AS44F"
"68","8. Samsung Galaxy Tab S9 FE 10.9” 128GB WiFi Android Tablet, Large Display, Long Battery Life, Powerful Processor, S Pen, 8MP Camera, Lightweight Durable Design, Expandable Storage, US Version,2023, Gray","$219.99","Computers and Tablets",4.6,"2,053","Samsung Galaxy Tab S9 FE 10.9” 128GB WiFi Android Tablet, Large Display, Long Battery Life, Powerful Processor, S Pen, 8MP Camera, Lightweight Durable Design, Expandable Storage, US Version,2023, Gray"
"69","9. HP 14 inch Laptop, HD Display, 12th Generation Intel Core i3-1215U, 8 GB RAM, 256 GB SSD, Intel UHD Graphics, Windows 11 Home in S Mode, 14-dq5009nr (2024)","$1,099.99","Computers and Tablets",4.2,"302","HP 14 inch Laptop, HD Display, 12th Generation Intel Core i3-1215U, 8 GB RAM, 256 GB SSD, Intel UHD Graphics, Windows 11 Home in S Mode, 14-dq5009nr (2024)"
"70","10. Lenovo IdeaPad 3i Chromebook, 15.6” FHD Display, Intel Celeron N4500, 8GB RAM, 64GB eMMC, 1920x1080 px, 720p Camera, Chrome OS, Abyss Blue","$1,399.99","Computers and Tablets",4.2,"371","Lenovo IdeaPad 3i Chromebook, 15.6” FHD Display, Intel Celeron N4500, 8GB RAM, 64GB eMMC, 1920x1080 px, 720p Camera, Chrome OS, Abyss Blue"
"71","11. Acer Aspire 3 A315-24P-R7VH Slim Laptop | 15.6"" Full HD IPS Display | AMD Ryzen 3 7320U Quad-Core Processor | AMD Radeon Graphics | 8GB LPDDR5 | 128GB NVMe SSD | Wi-Fi 6 | Windows 11 Home in S Mode","$299.00","Computers and Tablets",4.4,"39,311","Acer Aspire 3 A315-24P-R7VH Slim Laptop | 15.6"" Full HD IPS Display | AMD Ryzen 3 7320U Quad-Core Processor | AMD Radeon Graphics | 8GB LPDDR5 | 128GB NVMe SSD | Wi-Fi 6 | Windows 11 Home in S Mode"
"72","12. ASUS Vivobook Go 15.6” FHD Slim Laptop, AMD Ryzen 3 7320U Quad Core Processor, 8GB DDR5 RAM, 128GB SSD, Windows 11 Home, Fast Charging, Webcam Sheild, Mixed Black, E1504FA-AS33","$159.00","Computers and Tablets",4.1,"264","ASUS Vivobook Go 15.6” FHD Slim Laptop, AMD Ryzen 3 7320U Quad Core Processor, 8GB DDR5 RAM, 128GB SSD, Windows 11 Home, Fast Charging, Webcam Sheild, Mixed Black, E1504FA-AS33"
"73","13. Samsung Galaxy Tab S9 11” 128GB WiFi 7 Android AI Tablet, Snapdragon 8 Gen 2 Processor, AMOLED Screen, Durable Design, S Pen Included, Long Battery Life, Auto Focus Camera, US Version, 2023, Graphite","$209.99","Computers and Tablets",4.7,"928","Samsung Galaxy Tab S9 11” 128GB WiFi 7 Android AI Tablet, Snapdragon 8 Gen 2 Processor, AMOLED Screen, Durable Design, S Pen Included, Long Battery Life, Auto Focus Camera, US Version, 2023, Graphite"
"74","14. 2 in 1 Tablet, Tablets 10 inch, Tablet with Keyboard Mouse Foldable Protective Cover Screen Protective Film Stylus Pen 6GB+128GB/1TB Expand 5G WiFi BT 5.0 WiFi6 Dual Camera 6000 mah Tab","$299.99","Computers and Tablets",3.5,"60","2 in 1 Tablet, Tablets 10 inch, Tablet with Keyboard Mouse Foldable Protective Cover Screen Protective Film Stylus Pen 6GB+128GB/1TB Expand 5G WiFi BT 5.0 WiFi6 Dual Camera 6000 mah Tab"
"75","15. Samsung Galaxy Tab S6 Lite (2024) 10.4' 64GB WiFi Android Tablet, S Pen Included, Gaming Ready, Long Battery Life, Slim Metal Design, Expandable Storage, US Version, Mint, Amazon Exclusive","$449.99","Computers and Tablets",4.5,"1,010","Samsung Galaxy Tab S6 Lite (2024) 10.4' 64GB WiFi Android Tablet, S Pen Included, Gaming Ready, Long Battery Life, Slim Metal Design, Expandable Storage, US Version, Mint, Amazon Exclusive"
"76","16. Acer Nitro V Gaming Laptop | Intel Core i7-13620H Processor | NVIDIA GeForce RTX 4050 Laptop GPU | 15.6"" FHD IPS 144Hz Display | 16GB DDR5 | 512GB Gen 4 SSD | WiFi 6 | Backlit KB | ANV15-51-73B9","$309.00","Computers and Tablets",4.3,"370","Acer Nitro V Gaming Laptop | Intel Core i7-13620H Processor | NVIDIA GeForce RTX 4050 Laptop GPU | 15.6"" FHD IPS 144Hz Display | 16GB DDR5 | 512GB Gen 4 SSD | WiFi 6 | Backlit KB | ANV15-51-73B9"
"77","17. ASUS Chromebook CX1, 15.6"" FHD NanoEdge Display, Intel Celeron N4500 Processor, 64GB eMMC Storage, 8GB RAM, ChromeOS, Transparent Silver, CX1500CKA-AS84F","$254.00","Computers and Tablets",4.3,"149","ASUS Chromebook CX1, 15.6"" FHD NanoEdge Display, Intel Celeron N4500 Processor, 64GB eMMC Storage, 8GB RAM, ChromeOS, Transparent Silver, CX1500CKA-AS84F"
"78","18. HP 17 Laptop, 17.3"" HD+ Touchscreen Display, 12th Gen Intel Core i7-1255U, 64GB RAM, 2TB SSD, Webcam, HDMI, SuperSpeed USB Ports, Wi-Fi 6, Windows 11 Home, Silver","$284.53","Computers and Tablets",4.3,"405","HP 17 Laptop, 17.3"" HD+ Touchscreen Display, 12th Gen Intel Core i7-1255U, 64GB RAM, 2TB SSD, Webcam, HDMI, SuperSpeed USB Ports, Wi-Fi 6, Windows 11 Home, Silver"
"79","19. Samsung Galaxy Tab S6 Lite 10.4' 64GB WiFi Android Tablet, S Pen Included, Gaming Ready, Long Battery Life, Slim Metal Design, Expandable Storage, US Version, Oxford Gray, Amazon Exclusive","$321.99","Computers and Tablets",4.5,"1,010","Samsung Galaxy Tab S6 Lite 10.4' 64GB WiFi Android Tablet, S Pen Included, Gaming Ready, Long Battery Life, Slim Metal Design, Expandable Storage, US Version, Oxford Gray, Amazon Exclusive"
"80","20. acer Gateway Chromebook 311 CBO311-1H-C1MX Laptop | Intel Celeron N4500 | 11.6"" HD (1366 x 768) Display | 4GB LPDDR4X | 64GB eMMC | Wi-Fi 5 802.11ac | Chrome OS | Star Black","$276.00","Computers and Tablets",4.5,"10,277","acer Gateway Chromebook 311 CBO311-1H-C1MX Laptop | Intel Celeron N4500 | 11.6"" HD (1366 x 768) Display | 4GB LPDDR4X | 64GB eMMC | Wi-Fi 5 802.11ac | Chrome OS | Star Black"
"81","21. Lenovo V15 G2 Laptop, 15.6"" FHD Screen, Intel Dual-core Processor, 16GB RAM, 1TB SSD, Webcam, HDMI, Wi-Fi, Windows 11 Home, Black","$299.99","Computers and Tablets",4.2,"52","Lenovo V15 G2 Laptop, 15.6"" FHD Screen, Intel Dual-core Processor, 16GB RAM, 1TB SSD, Webcam, HDMI, Wi-Fi, Windows 11 Home, Black"
"82","22. Lenovo Tab M11, 11” Display, MediaTek Helio G88 Octa-Core, 4GB RAM, 128GB SSD, 1920x1200 px, Ambient Light-Sensor, 10 Hour Battery, Comes w/Folio Case, Luna Grey","$593.99","Computers and Tablets",4.4,"153","Lenovo Tab M11, 11” Display, MediaTek Helio G88 Octa-Core, 4GB RAM, 128GB SSD, 1920x1200 px, Ambient Light-Sensor, 10 Hour Battery, Comes w/Folio Case, Luna Grey"
"83","23. Google Pixel Tablet - Android Tablet with 11-Inch Screen and Extra-Long Battery Life - Hazel - 8 GB RAM - 128 GB","$799.99","Computers and Tablets",4.5,"917","Google Pixel Tablet - Android Tablet with 11-Inch Screen and Extra-Long Battery Life - Hazel - 8 GB RAM - 128 GB"
"84","24. Tablet,10.1"" Android Tablet with Octa-core Processor 10GB RAM 128GB ROM HD IPS Touchscreen 8H Battery, Wi-Fi 6, BT 5.0, Dual Camera, Google Tablets 2024","$64.99","Computers and Tablets",4.4,"552","Tablet,10.1"" Android Tablet with Octa-core Processor 10GB RAM 128GB ROM HD IPS Touchscreen 8H Battery, Wi-Fi 6, BT 5.0, Dual Camera, Google Tablets 2024"
"85","25. HP 14"" Ultral Light Laptop for Students and Business, Intel Quad-Core, 8GB RAM, 192GB Storage(64GB eMMC+128GB Ghost Manta SD Card), 1 Year Office 365, USB C, Win 11 S","$199.99","Computers and Tablets",4.1,"1,860","HP 14"" Ultral Light Laptop for Students and Business, Intel Quad-Core, 8GB RAM, 192GB Storage(64GB eMMC+128GB Ghost Manta SD Card), 1 Year Office 365, USB C, Win 11 S"
"86","26. ASUS ROG Strix G16 (2024) Gaming Laptop, 16” ROG Nebula Display 16:10 QHD 240Hz, NVIDIA® GeForce RTX™ 4070, Intel® Core™ i9-14900HX, 16GB DDR5-5600, 1TB PCIe Gen4 SSD, Wi-Fi 6E, Win 11, G614JIR-AS94","$269.99","Computers and Tablets",4.2,"520","ASUS ROG Strix G16 (2024) Gaming Laptop, 16” ROG Nebula Display 16:10 QHD 240Hz, NVIDIA® GeForce RTX™ 4070, Intel® Core™ i9-14900HX, 16GB DDR5-5600, 1TB PCIe Gen4 SSD, Wi-Fi 6E, Win 11, G614JIR-AS94"
"87","27. MSI Katana A15 AI 15.6” 144Hz FHD Gaming Laptop: Ryzen 7-8845HS, NVIDIA Geforce RTX 4060, 32GB DDR5, 1TB NVMe SSD, Cooler Boost 5, Win 11: Black B8VF-448US","$169.99","Computers and Tablets",4.2,"305","MSI Katana A15 AI 15.6” 144Hz FHD Gaming Laptop: Ryzen 7-8845HS, NVIDIA Geforce RTX 4060, 32GB DDR5, 1TB NVMe SSD, Cooler Boost 5, Win 11: Black B8VF-448US"
"88","28. ASUS Vivobook Go 15.6” Laptop, AMD Ryzen 5 7520U, 8GB, 512GB, Windows 11 Home, Cool Silver, E1504FA-AS54","$249.99","Computers and Tablets",4.3,"206","ASUS Vivobook Go 15.6” Laptop, AMD Ryzen 5 7520U, 8GB, 512GB, Windows 11 Home, Cool Silver, E1504FA-AS54"
"89","29. Lenovo IdeaPad Flex 3i Chromebook Laptop, Intel® UHD Graphics, 15.6” FHD Display, Intel Pentium N6000, 8GB RAM, 128GB SSD, 1920x1080 px, Touchscreen, Chrome OS, Abyss Blue","$879.00","Computers and Tablets",4.4,"63","Lenovo IdeaPad Flex 3i Chromebook Laptop, Intel® UHD Graphics, 15.6” FHD Display, Intel Pentium N6000, 8GB RAM, 128GB SSD, 1920x1080 px, Touchscreen, Chrome OS, Abyss Blue"
"90","30. reMarkable Starter Bundle – reMarkable 2 is The Original Paper Tablet | Includes 10.3” reMarkable Tablet, Marker Plus Pen with Built-in Eraser, and Free Connect Trial","$999.00","Computers and Tablets",4.3,"1,464","reMarkable Starter Bundle – reMarkable 2 is The Original Paper Tablet | Includes 10.3” reMarkable Tablet, Marker Plus Pen with Built-in Eraser, and Free Connect Trial"
"91","1. Dog Water Bottle Portable – Leak Proof and Lightweight Water Bottle for Dogs– Travel Water Bottle with Bowl–Dog Walking Accessories,Water Dispenser with Food Container & Poop Bag, YELLOW","$12.00","Dog Supplies",4.5,"6,114","Dog Water Bottle Portable – Leak Proof and Lightweight Water Bottle for Dogs– Travel Water Bottle with Bowl–Dog Walking Accessories,Water Dispenser with Food Container & Poop Bag, YELLOW"
"92","2. AIRROBO Dog Grooming Vacuum, Dog Grooming Kit,12000Pa Strong Pet Grooming Vacuum for Dogs, 2L Large Capacity Dog Vacuum for Shedding Grooming Hair, Dog Hair Vacuum, 5 Pet Grooming Tools, Quiet,PG100","$12.00","Dog Supplies",4.4,"70","AIRROBO Dog Grooming Vacuum, Dog Grooming Kit,12000Pa Strong Pet Grooming Vacuum for Dogs, 2L Large Capacity Dog Vacuum for Shedding Grooming Hair, Dog Hair Vacuum, 5 Pet Grooming Tools, Quiet,PG100"
"93","3. Dog Teeth Cleaning Wipes, Teeth Cleaning Wipes for Dogs & Cats, Remove Bad Breath by Removing Plaque and Tartar Buildup No-Rinse, Dog Finger Toothbrush, Veterinarians Recommend Disposable Pet Wipes","$69.99","Dog Supplies",4.5,"188,871","Dog Teeth Cleaning Wipes, Teeth Cleaning Wipes for Dogs & Cats, Remove Bad Breath by Removing Plaque and Tartar Buildup No-Rinse, Dog Finger Toothbrush, Veterinarians Recommend Disposable Pet Wipes"
"94","4. Chom Chom Roller Pet Hair Remover and Reusable Lint Roller - ChomChom Cat and Dog Hair Remover for Furniture, Couch, Carpet, Clothing and Bedding - Portable, Multi-Surface Fur Removal Tool","$69.99","Dog Supplies",4.5,"97,748","Chom Chom Roller Pet Hair Remover and Reusable Lint Roller - ChomChom Cat and Dog Hair Remover for Furniture, Couch, Carpet, Clothing and Bedding - Portable, Multi-Surface Fur Removal Tool"
"95","5. Benebone Wishbone Durable Dog Chew Toy for Aggressive Chewers, Real Bacon, Made in USA, Medium","$169.99","Dog Supplies",4.5,"247,476","Benebone Wishbone Durable Dog Chew Toy for Aggressive Chewers, Real Bacon, Made in USA, Medium"
"96","6. Amazon Basics Dog and Puppy Pee Pads with Leak-Proof Quick-Dry Design for Potty Training, Standard Absorbency, Regular Size, 22 x 22 Inches, Pack of 100, Blue & White","$9.98","Dog Supplies",4.6,"18,000","Amazon Basics Dog and Puppy Pee Pads with Leak-Proof Quick-Dry Design for Potty Training, Standard Absorbency, Regular Size, 22 x 22 Inches, Pack of 100, Blue & White"
"97","7. Wisdom Health Panel Essential Dog DNA Kit: Most Accurate Test for 365+ Breeds, 30 Genetic Health Conditions, 50+ Traits, Relatives, Ancestry - 1 Pack","$19.59","Dog Supplies",4.3,"20,479","Wisdom Health Panel Essential Dog DNA Kit: Most Accurate Test for 365+ Breeds, 30 Genetic Health Conditions, 50+ Traits, Relatives, Ancestry - 1 Pack"
"98","8. WYZE Cam Pan v3 Indoor/Outdoor IP65 1080P 360° Pan/Tilt/Zoom Wi-Fi Smart Home Security Camera with Motion Tracking for Baby & Pet, Color Night Vision, Works with Alexa & Google Assistant, White","$27.99","Dog Supplies",4.4,"31,205","WYZE Cam Pan v3 Indoor/Outdoor IP65 1080P 360° Pan/Tilt/Zoom Wi-Fi Smart Home Security Camera with Motion Tracking for Baby & Pet, Color Night Vision, Works with Alexa & Google Assistant, White"
"99","9. Best Pet Supplies Crinkle Dog Toy for Small, Medium, and Large Breeds, Cute No Stuffing Duck with Soft Squeaker, Fun for Indoor Puppies and Senior Pups, Plush No Mess Chew and Play - Yellow","$7.65","Dog Supplies",4.5,"105,022","Best Pet Supplies Crinkle Dog Toy for Small, Medium, and Large Breeds, Cute No Stuffing Duck with Soft Squeaker, Fun for Indoor Puppies and Senior Pups, Plush No Mess Chew and Play - Yellow"
"100","10. Seresto Large Dog Vet-Recommended Flea & Tick Treatment & Prevention Collar for Dogs Over 18 lbs. | 8 Months Protection","$13.45","Dog Supplies",4.6,"58,432","Seresto Large Dog Vet-Recommended Flea & Tick Treatment & Prevention Collar for Dogs Over 18 lbs. | 8 Months Protection"
"101","11. Pet MD - Dog Ear Cleaner Wipes - Otic Cleanser for Dogs to Stop Ear Itching, and Infections with Aloe and Eucalyptus - 100 Count","$17.84","Dog Supplies",4.5,"6,114","Pet MD - Dog Ear Cleaner Wipes - Otic Cleanser for Dogs to Stop Ear Itching, and Infections with Aloe and Eucalyptus - 100 Count"
"102","12. AIRROBO Dog Grooming Vacuum, Dog Grooming Kit,12000Pa Strong Pet Grooming Vacuum for Dogs, 2L Large Capacity Dog Vacuum for Shedding Grooming Hair, Dog Hair Vacuum, 5 Pet Grooming Tools, Quiet,PG100","$0.18","Dog Supplies",4.8,"19","AIRROBO Dog Grooming Vacuum, Dog Grooming Kit,12000Pa Strong Pet Grooming Vacuum for Dogs, 2L Large Capacity Dog Vacuum for Shedding Grooming Hair, Dog Hair Vacuum, 5 Pet Grooming Tools, Quiet,PG100"
"103","13. Dog Bowls Set, 3-in-1 Cat Bowls, Adorable Moose-Shaped, Dog Water Bowl Dispenser, Elevated Stainless Steel Dog Bowls, and Slow Feeder Cat Bowl","$21.50","Dog Supplies",4.5,"3,403","Dog Bowls Set, 3-in-1 Cat Bowls, Adorable Moose-Shaped, Dog Water Bowl Dispenser, Elevated Stainless Steel Dog Bowls, and Slow Feeder Cat Bowl"
"104","14. 7L Automatic Cat Feeder for 2 Cats, Timed Cat Dry Food Dispenser with 2 stainless steel bowls , Programmable Control 1-12 Meals, Dual Power Supply, Auto Pet Feeder Suitable for Multi-Pet Households","$24.96","Dog Supplies",4.2,"3,382","7L Automatic Cat Feeder for 2 Cats, Timed Cat Dry Food Dispenser with 2 stainless steel bowls , Programmable Control 1-12 Meals, Dual Power Supply, Auto Pet Feeder Suitable for Multi-Pet Households"
"105","15. Pet Feeding Mat-Absorbent Dog Mat for Food and Water Bowl-No Stains Quick Dry Dog Water Dispenser Mat-Dog Accessories Pet Supplies-Dog Water Bowl for Messy Drinkers","$39.98","Dog Supplies",4.5,"80,918","Pet Feeding Mat-Absorbent Dog Mat for Food and Water Bowl-No Stains Quick Dry Dog Water Dispenser Mat-Dog Accessories Pet Supplies-Dog Water Bowl for Messy Drinkers"
"106","16. WinTour Tough Dog Toys for Aggressive Chewers Large Breed, Indestructible Dog Toys for Large Dogs, Dog Chew Toys for Aggressive Chewers, Durable Dog Toys, Squeaky Dog Toys, Large Dog Toys for Big Dogs","$5.99","Dog Supplies",4.5,"56,270","WinTour Tough Dog Toys for Aggressive Chewers Large Breed, Indestructible Dog Toys for Large Dogs, Dog Chew Toys for Aggressive Chewers, Durable Dog Toys, Squeaky Dog Toys, Large Dog Toys for Big Dogs"
"107","17. 2024release Dog Bark Deterrent Device Stops Bad Behavior | No need yell or swat, Just point to a dog (own or neighbor's) Hit the button | Long-range ultrasonic, Alternative to painful dog shock collar","$41.99","Dog Supplies",4.3,"4,716","Regalo Easy Step 38.5-Inch Wide Walk Thru Baby Gate, Includes 6-Inch Extension Kit, Pressure Mount Kit, Wall Cups"
"108","18. Veken Innovation Award Winner Stainless Steel Cat Water Fountain, 95oz/2.8L Automatic Pet Fountain Dog Water Dispenser with Replacement Filters & Silicone Mat for Cats, Dogs, Multiple Pets (Silver)","$59.98","Dog Supplies",4.3,"28,762","2024release Dog Bark Deterrent Device Stops Bad Behavior | No need yell or swat, Just point to a dog (own or neighbor's) Hit the button | Long-range ultrasonic, Alternative to painful dog shock collar"
"109","19. Uproot Cleaner Pro Pet Hair Remover - Special Dog Hair Remover Multi Fabric Edge and Carpet Scraper by Uproot Clean - Cat Hair Remover for Couch, Pet Towers & Rugs - Gets Every Hair!","$11.99","Dog Supplies",4.3,"6,756","Veken Innovation Award Winner Stainless Steel Cat Water Fountain, 95oz/2.8L Automatic Pet Fountain Dog Water Dispenser with Replacement Filters & Silicone Mat for Cats, Dogs, Multiple Pets (Silver)"
"110","20. Jugbow Dog Shock Collar - 3300FT Dog Training Collar with Remote Innovative IPX7 Waterproof with 4 Training Modes, Rechargeable E-Collar for All Breeds","$0.12","Dog Supplies",4.3,"5,503","Uproot Cleaner Pro Pet Hair Remover - Special Dog Hair Remover Multi Fabric Edge and Carpet Scraper by Uproot Clean - Cat Hair Remover for Couch, Pet Towers & Rugs - Gets Every Hair!"
"111","21. Squeaky Dog Toys for Large Dogs: Plush Dog Toys with Soft Fabric - Pet Toys for Small, Medium, and Large Dogs - Puppy Toys to Keep Them Busy","$16.99","Dog Supplies",4.5,"12,217","Jugbow Dog Shock Collar - 3300FT Dog Training Collar with Remote Innovative IPX7 Waterproof with 4 Training Modes, Rechargeable E-Collar for All Breeds"
"112","22. Chuckit! Ultra Fetch Dog Stick for All Breed Sizes - Perfect for Small, Medium, and Large Dogs - Outdoor Fetching and Throwing Pet Toy - Made from Durable Rubber - 12 Inches - Orange and Blue","$69.99","Dog Supplies",4.4,"11,251","Squeaky Dog Toys for Large Dogs: Plush Dog Toys with Soft Fabric - Pet Toys for Small, Medium, and Large Dogs - Puppy Toys to Keep Them Busy"
"113","23. FIREOR Dog Squeak Toys, No Stuffing Plush Dogs Chew Toy for Small Medium Large Breed Chewer Squeaky Pet Supplies Tough Durable Puppy Teething Chewing Interactive to Keep Them Busy Best Birthday Gift","$69.99","Dog Supplies",4,"5,537","Chuckit! Ultra Fetch Dog Stick for All Breed Sizes - Perfect for Small, Medium, and Large Dogs - Outdoor Fetching and Throwing Pet Toy - Made from Durable Rubber - 12 Inches - Orange and Blue"
"114","24. Dog Toys for Aggresive Chewers：Dog Toys for Large Dogs - Tough Dog Chew Toys - Indestructible Dog Toys for All Breed Sizes to Keep Them Busy","$169.99","Dog Supplies",4.5,"72,226","FIREOR Dog Squeak Toys, No Stuffing Plush Dogs Chew Toy for Small Medium Large Breed Chewer Squeaky Pet Supplies Tough Durable Puppy Teething Chewing Interactive to Keep Them Busy Best Birthday Gift"
"115","25. Multipet INTERNATIONAL 843140 Lambchop Plush Squeak Toy Mini for Pets, 6-Inch, White, small","$29.99","Dog Supplies",4.7,"76,503","Dog Toys for Aggresive Chewers：Dog Toys for Large Dogs - Tough Dog Chew Toys - Indestructible Dog Toys for All Breed Sizes to Keep Them Busy"
"116","26. Zymox Otic Enzymatic Solution for Dogs and Cats to Soothe Ear Infections with 1% Hydrocortisone for Itch Relief, 1.25oz","$29.99","Dog Supplies",4.6,"38,827","Multipet INTERNATIONAL 843140 Lambchop Plush Squeak Toy Mini for Pets, 6-Inch, White, small"
"117","27. Greener Walker Poop Bags for Dog Waste-540 Bags,Extra Thick Strong 100% Leak Proof Dog Waste Bags (Green)","$58.99","Dog Supplies",4.6,"35,687","Zymox Otic Enzymatic Solution for Dogs and Cats to Soothe Ear Infections with 1% Hydrocortisone for Itch Relief, 1.25oz"
"118","28. Wahl USA Dry Skin & Itch Relief Pet Shampoo for Dogs – Oatmeal Formula with Coconut Lime Verbena & Pet Friendly Formula, 24 Oz - Model 820004A","$7.99","Dog Supplies",4.3,"37,508","Greener Walker Poop Bags for Dog Waste-540 Bags,Extra Thick Strong 100% Leak Proof Dog Waste Bags (Green)"
"119","29. Veken 95oz/2.8L Pet Fountain, Automatic Cat Water Fountain Dog Water Dispenser with Replacement Filters for Cats, Dogs, Multiple Pets (Grey, Plastic)","$7.99","Dog Supplies",4.5,"5,260","Wahl USA Dry Skin & Itch Relief Pet Shampoo for Dogs – Oatmeal Formula with Coconut Lime Verbena & Pet Friendly Formula, 24 Oz - Model 820004A"
"120","30. Calming Collar for Dogs - 4 Packs, Dog Calming Collar, Lasts 60 Days,Reduce Stress, Pheromone Collar for Dogs, Separation Anxiety Relief for Dogs, Adjustable Size Fits Large, Medium, and Small Dogs","$9.99","Dog Supplies",4.4,"683","Veken 95oz/2.8L Pet Fountain, Automatic Cat Water Fountain Dog Water Dispenser with Replacement Filters for Cats, Dogs, Multiple Pets (Grey, Plastic)"
"121","1. Girls Pleated Skirt Set Fall Winter 2 Piece Outfit Lattice Dresses Long Sleeve Top Cute Clothes Outfit for Kid","$31.99","Girls' Clothing",4.5,"61","Check each product page for other buying options. Price and other details may vary based on product size and color."
"122","2. Girl Skirt Sets Casual Winter Fall Dresses Cute Clothes Outfit for Girls","$35.99","Girls' Clothing",4.4,"315","Girls Pleated Skirt Set Fall Winter 2 Piece Outfit Lattice Dresses Long Sleeve Top Cute Clothes Outfit for Kid"
"123","3. Girls Clothes 3 Piece Outfits Long Sleeve Tracksuit Hoodie Pants Fall Winter Matching Sets","$26.99","Girls' Clothing",4.8,"6","Girl Skirt Sets Casual Winter Fall Dresses Cute Clothes Outfit for Girls"
"124","4. Girls Clothes Cool Girl Print Tie Dye Hoodie Pullover Sweatshirt Leggings 2PC Outfits","$29.99","Girls' Clothing",4.5,"68","Girls Clothes 3 Piece Outfits Long Sleeve Tracksuit Hoodie Pants Fall Winter Matching Sets"
"125","5. FNOVCO Girls Knee High Socks Kids Crazy Fun Gift Cute Animal Patterns Cotton Long Socks 6 Pairs","$14.99","Girls' Clothing",4.7,"6,520","Girls Clothes Cool Girl Print Tie Dye Hoodie Pullover Sweatshirt Leggings 2PC Outfits"
"126","6. Disney Lilo & Stitch Girls French Terry Crossover Hoodie Toddler to Big Kid","$2.50","Girls' Clothing",4.5,"1,160","FNOVCO Girls Knee High Socks Kids Crazy Fun Gift Cute Animal Patterns Cotton Long Socks 6 Pairs"
"127","7. Hanes Girls' Hanes Toddler Girls' Potty Trainer Briefs, 6-Pack","$22.39","Girls' Clothing",4.7,"1,799","Disney Lilo & Stitch Girls French Terry Crossover Hoodie Toddler to Big Kid"
"128","8. The Children's Place Girls' Assorted Leggings 5 Pack","$27.99","Girls' Clothing",4.6,"1,681","Hanes Girls' Hanes Toddler Girls' Potty Trainer Briefs, 6-Pack"
"129","9. Fruit of the Loom Toddler Girls' Toddler Girls' Tag-free Cotton Underwear","$8.39","Girls' Clothing",4.8,"20,405","The Children's Place Girls' Assorted Leggings 5 Pack"
"130","10. Disney Girls' 3-Pack Nightgowns, Soft & Cute Pajamas for Kids","$13.00","Girls' Clothing",4.8,"3,400","Fruit of the Loom Toddler Girls' Toddler Girls' Tag-free Cotton Underwear"
"131","11. Disney Girls' Fantasy Gown Nightgown","$33.73","Girls' Clothing",4.8,"19,103","Disney Girls' 3-Pack Nightgowns, Soft & Cute Pajamas for Kids"
"132","12. Girl's Leggings Cross High Waisted Flare Pants Yoga Bootcut Pants Solid Color Full Length Bell Bottoms","$49.95","Girls' Clothing",4.6,"1,732","Disney Girls' Fantasy Gown Nightgown"
"133","13. Girls Tights Toddler Cable Knit Cotton Footed Seamless Dance Ballet Baby Girls' Leggings 3/4 Pack","$11.89","Girls' Clothing",4.7,"3,846","Girl's Leggings Cross High Waisted Flare Pants Yoga Bootcut Pants Solid Color Full Length Bell Bottoms"
"134","14. Popular Cotton Girls Training Bra - Crop Cami Training Bras for Girls with Adjustable Straps. Cotton Bra Pack.","$12.99","Girls' Clothing",4.5,"13,856","Girls Tights Toddler Cable Knit Cotton Footed Seamless Dance Ballet Baby Girls' Leggings 3/4 Pack"
"135","15. Hanes Girls' Ultimate Fashion Crew Socks Pack, Lightweight Stretch Crew Socks, Assorted 10-Pair Pack, Small","$22.64","Girls' Clothing",4.7,"370","Popular Cotton Girls Training Bra - Crop Cami Training Bras for Girls with Adjustable Straps. Cotton Bra Pack."
"136","16. Simple Joys by Carter's Girls' 4-Piece Pajama Set (Cotton Top & Fleece Bottom)","$25.99","Girls' Clothing",4.7,"28,551","Hanes Girls' Ultimate Fashion Crew Socks Pack, Lightweight Stretch Crew Socks, Assorted 10-Pair Pack, Small"
"137","17. Rene Rofe Girls' Training Bra - 6 Pack 4-Way Stretch Spaghetti Strap Unpadded Bralette Starter Bras for Girls (7-14)","$19.99","Girls' Clothing",4.7,"1,760","Simple Joys by Carter's Girls' 4-Piece Pajama Set (Cotton Top & Fleece Bottom)"
"138","18. blibean Teen Girls 2024 Fall Dresses Kids Long Sleeve Boho Dress Size 6-15 Years","$24.99","Girls' Clothing",4.7,"14","Rene Rofe Girls' Training Bra - 6 Pack 4-Way Stretch Spaghetti Strap Unpadded Bralette Starter Bras for Girls (7-14)"
"139","19. Sweet Butterfly Girls 4-Piece Fleece Active Hoodie and Athletic Jogger Sweatpants and Sweatshirt Kids Clothing Set","$11.99","Girls' Clothing",4.5,"1,188","blibean Teen Girls 2024 Fall Dresses Kids Long Sleeve Boho Dress Size 6-15 Years"
"140","20. Girls Clothes 3PC Tie-dye with Butterfly Print Hoodie Sweatshirt Butterfly Print Cami Tops Sweatpants Girls","$14.99","Girls' Clothing",4.6,"38","Sweet Butterfly Girls 4-Piece Fleece Active Hoodie and Athletic Jogger Sweatpants and Sweatshirt Kids Clothing Set"
"141","21. Carhartt Girls' Long-Sleeve Half-Zip Hooded Sweatshirt","$19.99","Girls' Clothing",4.9,"531","Girls Clothes 3PC Tie-dye with Butterfly Print Hoodie Sweatshirt Butterfly Print Cami Tops Sweatpants Girls"
"142","22. Hiturbo Warm Kids Swim Parka: Waterproof Changing Robe - Oversize Swimming Coat - Hooded Surf Poncho - Thick Lining (7-14Y)","$24.99","Girls' Clothing",4.5,"170","Carhartt Girls' Long-Sleeve Half-Zip Hooded Sweatshirt"
"143","23. Amazon Essentials Unisex Kids and Toddlers' Cotton Crew Socks, 10 Pairs","$11.99","Girls' Clothing",4.6,"18,426","Hiturbo Warm Kids Swim Parka: Waterproof Changing Robe - Oversize Swimming Coat - Hooded Surf Poncho - Thick Lining (7-14Y)"
"144","24. The Children's Place Girls' Leggings","$14.99","Girls' Clothing",4.7,"9,967","Amazon Essentials Unisex Kids and Toddlers' Cotton Crew Socks, 10 Pairs"
"145","25. Simple Joys by Carter's Girls' 6-Piece Snug Fit Cotton Pajama Set","$12.06","Girls' Clothing",4.8,"49,117","The Children's Place Girls' Leggings"
"146","26. ANTSANG Kids Girls Knee High Socks Long Boot Crazy Silly Fun Gift Cute Tall Animal Socks for Child 6 Pairs","$1.21","Girls' Clothing",4.8,"6,688","Simple Joys by Carter's Girls' 6-Piece Snug Fit Cotton Pajama Set"
"147","27. Simple Joys by Carter's girls 4-piece Playwear Set","$16.00","Girls' Clothing",4.8,"11,122","ANTSANG Kids Girls Knee High Socks Long Boot Crazy Silly Fun Gift Cute Tall Animal Socks for Child 6 Pairs"
"148","28. MOGGEI 6 Pairs Kids Girls Knee High Socks Gift Long Crazy Silly Tall Funny Boot Cute Animal Child Fun Socks","$16.92","Girls' Clothing",4.8,"2,339","Simple Joys by Carter's girls 4-piece Playwear Set"
"149","29. CRZ YOGA Girls Butterluxe Full Length Athletic Leggings - Kids High Waist Lounge Pants Girls Active Dance Running Yoga Tights","$19.50","Girls' Clothing",4.7,"110","MOGGEI 6 Pairs Kids Girls Knee High Socks Gift Long Crazy Silly Tall Funny Boot Cute Animal Child Fun Socks"
"150","30. ANTSANG Kids Merino Wool Hiking Socks for Toddlers Boys Girls Warm Thick Thermal Crew Boot Heavy Cozy Gift Socks 6 Pairs","$15.96","Girls' Clothing",4.7,"5,375","CRZ YOGA Girls Butterluxe Full Length Athletic Leggings - Kids High Waist Lounge Pants Girls Active Dance Running Yoga Tights"
